Year,Tag,Number,Total
"2015",".htaccess","216","24516"
"2015",".net","451","24516"
"2015",".net-4.0","1","24516"
"2015","1с","24","24516"
"2015","2d","7","24516"
"2015","3d","13","24516"
"2015","7z","4","24516"
"2015","access","46","24516"
"2015","acl","1","24516"
"2015","action","3","24516"
"2015","actionbar","22","24516"
"2015","actionscript","12","24516"
"2015","actionscript-3","13","24516"
"2015","active-directory","9","24516"
"2015","activemq","2","24516"
"2015","activerecord","28","24516"
"2015","activex","6","24516"
"2015","activity","100","24516"
"2015","activity-life-cycle","3","24516"
"2015","adapter","25","24516"
"2015","adb","4","24516"
"2015","admob","18","24516"
"2015","ado","10","24516"
"2015","ado.net","28","24516"
"2015","adobe","2","24516"
"2015","adobe-brackets","4","24516"
"2015","adsense","2","24516"
"2015","aes","8","24516"
"2015","afnetworking","4","24516"
"2015","aggregation-framework","6","24516"
"2015","agile","4","24516"
"2015","ai","3","24516"
"2015","aide","2","24516"
"2015","ajax","473","24516"
"2015","alias","3","24516"
"2015","amazon","8","24516"
"2015","amazon-web-services","5","24516"
"2015","amd","1","24516"
"2015","android","3113","24516"
"2015","android-adb","2","24516"
"2015","android-animation","2","24516"
"2015","android-app","4","24516"
"2015","android-appcompat","1","24516"
"2015","android-assets","1","24516"
"2015","android-billing","1","24516"
"2015","android-bundle","2","24516"
"2015","android-button","1","24516"
"2015","android-camera","4","24516"
"2015","android-context-menu","3","24516"
"2015","android-customview","4","24516"
"2015","android-dialog","1","24516"
"2015","android-drawable","2","24516"
"2015","android-edittext","30","24516"
"2015","android-fragment","109","24516"
"2015","android-imageview","5","24516"
"2015","android-intent","20","24516"
"2015","android-layout","75","24516"
"2015","android-library","2","24516"
"2015","android-linearlayout","7","24516"
"2015","android-loader","2","24516"
"2015","android-material","4","24516"
"2015","android-mediaplayer","4","24516"
"2015","android-menu","6","24516"
"2015","android-navigation-drawer","12","24516"
"2015","android-ndk","19","24516"
"2015","android-preferences","1","24516"
"2015","android-resources","3","24516"
"2015","android-scrollview","9","24516"
"2015","android-sdk","157","24516"
"2015","android-service","13","24516"
"2015","android-shared-preferences","10","24516"
"2015","android-spinner","19","24516"
"2015","android-sqlite","5","24516"
"2015","android-studio","216","24516"
"2015","android-style","4","24516"
"2015","android-support-library","6","24516"
"2015","android-tablayout","1","24516"
"2015","android-tabs","2","24516"
"2015","android-textview","6","24516"
"2015","android-themes","3","24516"
"2015","android-toast","1","24516"
"2015","android-toolbar","12","24516"
"2015","android-ui","1","24516"
"2015","android-view","3","24516"
"2015","android-viewpager","4","24516"
"2015","android-widgets","8","24516"
"2015","angularjs","310","24516"
"2015","angularjs-controller","6","24516"
"2015","angular-routing","12","24516"
"2015","angular-ui-router","5","24516"
"2015","animate","10","24516"
"2015","ansi","1","24516"
"2015","ansible","12","24516"
"2015","ant","3","24516"
"2015","aop","6","24516"
"2015","apache","193","24516"
"2015","apache2","53","24516"
"2015","apache2.4","1","24516"
"2015","apache-flex","3","24516"
"2015","apache-modules","1","24516"
"2015","apache-poi","7","24516"
"2015","apache-spark","1","24516"
"2015","api","31","24516"
"2015","apk","6","24516"
"2015","app","4","24516"
"2015","appdomain","4","24516"
"2015","append","2","24516"
"2015","apple","17","24516"
"2015","applet","9","24516"
"2015","appstore","9","24516"
"2015","apt-get","13","24516"
"2015","ar","2","24516"
"2015","archive","3","24516"
"2015","archlinux","4","24516"
"2015","arduino","13","24516"
"2015","argv","1","24516"
"2015","arm","12","24516"
"2015","arp","1","24516"
"2015","arraylist","24","24516"
"2015","artisan","2","24516"
"2015","asio","3","24516"
"2015","asp","7","24516"
"2015","asp.net","192","24516"
"2015","asp.net-mvc","187","24516"
"2015","asp.net-web-api","20","24516"
"2015","asp.net-webforms","32","24516"
"2015","assembly","2","24516"
"2015","asterisk","13","24516"
"2015","asus","2","24516"
"2015","async","16","24516"
"2015","async-await","5","24516"
"2015","asyncio","6","24516"
"2015","async-programming","11","24516"
"2015","asynctask","38","24516"
"2015","at","3","24516"
"2015","atmel-studio","1","24516"
"2015","atom","5","24516"
"2015","attribute","3","24516"
"2015","auth","13","24516"
"2015","autocad","1","24516"
"2015","autocomplete","14","24516"
"2015","autohotkey","1","24516"
"2015","autolayout","7","24516"
"2015","autoload","7","24516"
"2015","automapper","4","24516"
"2015","avd","2","24516"
"2015","avfoundation","1","24516"
"2015","avr","2","24516"
"2015","avr-gcc","1","24516"
"2015","awesomium","11","24516"
"2015","awk","7","24516"
"2015","awt","6","24516"
"2015","azure","8","24516"
"2015","azure-websites","5","24516"
"2015","babel","2","24516"
"2015","backbone.js","23","24516"
"2015","background-task","2","24516"
"2015","backgroundworker","4","24516"
"2015","backstack","4","24516"
"2015","base64","7","24516"
"2015","bash","119","24516"
"2015","bass.dll","2","24516"
"2015","bat","20","24516"
"2015","bbcode","1","24516"
"2015","beautiful-soup","13","24516"
"2015","best-practice","2","24516"
"2015","big-data","9","24516"
"2015","biginteger","1","24516"
"2015","binary","8","24516"
"2015","bind","1","24516"
"2015","bind9","1","24516"
"2015","binding","25","24516"
"2015","bios","4","24516"
"2015","bitbucket","17","24516"
"2015","bitmap","33","24516"
"2015","blend","4","24516"
"2015","blender","2","24516"
"2015","blob","1","24516"
"2015","blocks","3","24516"
"2015","blowfish","2","24516"
"2015","bluetooth","23","24516"
"2015","blur","4","24516"
"2015","bmp","6","24516"
"2015","boost","22","24516"
"2015","boot","6","24516"
"2015","bootstrap","207","24516"
"2015","border","1","24516"
"2015","border-radius","2","24516"
"2015","borland","3","24516"
"2015","bot","8","24516"
"2015","bower","4","24516"
"2015","box2d","2","24516"
"2015","brainfuck","2","24516"
"2015","breakpoint","1","24516"
"2015","broadcast-receiver","13","24516"
"2015","browser","6","24516"
"2015","browsers","2","24516"
"2015","bugs","1","24516"
"2015","build","6","24516"
"2015","build-automation","2","24516"
"2015","butterknife","1","24516"
"2015","button","32","24516"
"2015","byte","3","24516"
"2015","c","425","24516"
"2015","c#","2481","24516"
"2015","c#-faq","5","24516"
"2015","c++","1553","24516"
"2015","c++11","44","24516"
"2015","c++14","3","24516"
"2015","c++builder","47","24516"
"2015","c++-cli","28","24516"
"2015","c++-faq","13","24516"
"2015","cakephp","6","24516"
"2015","calendar","10","24516"
"2015","callback","12","24516"
"2015","camera","23","24516"
"2015","canvas","59","24516"
"2015","capistrano","1","24516"
"2015","captcha","5","24516"
"2015","capybara","2","24516"
"2015","carbon","2","24516"
"2015","case","2","24516"
"2015","cassandra","1","24516"
"2015","catel","1","24516"
"2015","celery","2","24516"
"2015","centos","61","24516"
"2015","cgi","4","24516"
"2015","char","15","24516"
"2015","chart","9","24516"
"2015","chat","4","24516"
"2015","checkbox","37","24516"
"2015","chmod","2","24516"
"2015","chown","3","24516"
"2015","chrome-extension","32","24516"
"2015","cisco","3","24516"
"2015","ckeditor","24","24516"
"2015","clang","3","24516"
"2015","classloader","4","24516"
"2015","client","2","24516"
"2015","clion","7","24516"
"2015","clojure","3","24516"
"2015","cloud","3","24516"
"2015","clr","15","24516"
"2015","cluster","1","24516"
"2015","cmake","8","24516"
"2015","cmd","38","24516"
"2015","cms","52","24516"
"2015","cocoa","12","24516"
"2015","cocos2d","7","24516"
"2015","codeblocks","10","24516"
"2015","codeception","7","24516"
"2015","codeigniter","42","24516"
"2015","code-style","14","24516"
"2015","coffeescript","2","24516"
"2015","collapsing-toolbar-layout","1","24516"
"2015","color","9","24516"
"2015","com","26","24516"
"2015","combobox","1","24516"
"2015","comet","1","24516"
"2015","compass","3","24516"
"2015","composer","33","24516"
"2015","com-порт","11","24516"
"2015","concurrency","15","24516"
"2015","config","11","24516"
"2015","configuration","7","24516"
"2015","console","31","24516"
"2015","consoleapplication","10","24516"
"2015","const","3","24516"
"2015","constraints","3","24516"
"2015","content","3","24516"
"2015","contenteditable","1","24516"
"2015","contentprovider","1","24516"
"2015","controller","10","24516"
"2015","controls","6","24516"
"2015","cookie","67","24516"
"2015","coordinates","1","24516"
"2015","coordinator-layout","1","24516"
"2015","copyright","1","24516"
"2015","cordova","21","24516"
"2015","coredata","4","24516"
"2015","cors","7","24516"
"2015","count","3","24516"
"2015","cp1251","3","24516"
"2015","cpu","5","24516"
"2015","cqrs","3","24516"
"2015","crm","4","24516"
"2015","cron","25","24516"
"2015","cross-compiling","4","24516"
"2015","cross-domain","5","24516"
"2015","cross-origin","4","24516"
"2015","crud","4","24516"
"2015","crypt","4","24516"
"2015","cryptoapi","2","24516"
"2015","csrf","5","24516"
"2015","css","1243","24516"
"2015","css3","233","24516"
"2015","css-animation","32","24516"
"2015","cssselect","3","24516"
"2015","csv","18","24516"
"2015","ctypes","6","24516"
"2015","cuda","6","24516"
"2015","curl","68","24516"
"2015","curses","2","24516"
"2015","cursor","12","24516"
"2015","cursoradaper","7","24516"
"2015","customview","9","24516"
"2015","cygwin","5","24516"
"2015","d","3","24516"
"2015","d3.js","3","24516"
"2015","dao","3","24516"
"2015","datagrid","21","24516"
"2015","datagridview","26","24516"
"2015","data-structures","2","24516"
"2015","datatable","5","24516"
"2015","datepicker","6","24516"
"2015","datetime","23","24516"
"2015","db2","5","24516"
"2015","dbf","4","24516"
"2015","dbgrid","4","24516"
"2015","ddd","2","24516"
"2015","ddos","5","24516"
"2015","deb","2","24516"
"2015","debian","85","24516"
"2015","decode","1","24516"
"2015","deflate","3","24516"
"2015","delphi","170","24516"
"2015","delphi-2010","1","24516"
"2015","delphi-7","20","24516"
"2015","delphi-xe","6","24516"
"2015","delphi-xe2","3","24516"
"2015","delphi-xe5","1","24516"
"2015","delphi-xe7","13","24516"
"2015","denwer","13","24516"
"2015","dependencies","1","24516"
"2015","dependency-injection","14","24516"
"2015","design","11","24516"
"2015","desktop","6","24516"
"2015","devc++","3","24516"
"2015","devexpress","20","24516"
"2015","devise","5","24516"
"2015","dhcp","1","24516"
"2015","dialogfragment","10","24516"
"2015","diff","2","24516"
"2015","directshow","1","24516"
"2015","directx","8","24516"
"2015","display","2","24516"
"2015","div","29","24516"
"2015","django","202","24516"
"2015","django-admin","9","24516"
"2015","django-cms","2","24516"
"2015","django-orm","7","24516"
"2015","django-rest-framework","17","24516"
"2015","dle","11","24516"
"2015","dll","49","24516"
"2015","dns","16","24516"
"2015","doc","2","24516"
"2015","docker","13","24516"
"2015","docker-compose","2","24516"
"2015","doctrine","5","24516"
"2015","doctrine2","14","24516"
"2015","docx","5","24516"
"2015","dom","46","24516"
"2015","dompdf","3","24516"
"2015","dos","5","24516"
"2015","double","6","24516"
"2015","dovecot","1","24516"
"2015","download","10","24516"
"2015","dpkg","6","24516"
"2015","draganddrop","4","24516"
"2015","dragndrop","6","24516"
"2015","drawerlayout","5","24516"
"2015","dropbox","3","24516"
"2015","drupal","44","24516"
"2015","dual-boot","5","24516"
"2015","dump","2","24516"
"2015","eav","4","24516"
"2015","echo","2","24516"
"2015","eclipse","86","24516"
"2015","ecmascript","3","24516"
"2015","ecmascript-2015","2","24516"
"2015","ecmascript-6","4","24516"
"2015","ecommerce","7","24516"
"2015","ejb","6","24516"
"2015","elasticsearch","17","24516"
"2015","electron","1","24516"
"2015","elementary-os","4","24516"
"2015","elf","1","24516"
"2015","eloquent","9","24516"
"2015","emacs","7","24516"
"2015","email","83","24516"
"2015","embarcadero","3","24516"
"2015","embedded","6","24516"
"2015","ember.js","3","24516"
"2015","emmet","6","24516"
"2015","encoding","16","24516"
"2015","entity","11","24516"
"2015","entity-framework","123","24516"
"2015","epoll","8","24516"
"2015","erb","2","24516"
"2015","erlang","10","24516"
"2015","espresso","3","24516"
"2015","ethernet","1","24516"
"2015","eval","3","24516"
"2015","event","20","24516"
"2015","events","26","24516"
"2015","excel","93","24516"
"2015","excel-формулы","4","24516"
"2015","exchange","5","24516"
"2015","exe","9","24516"
"2015","exec","11","24516"
"2015","execute","2","24516"
"2015","exif","1","24516"
"2015","exim","7","24516"
"2015","expandablelistview","11","24516"
"2015","explorer","3","24516"
"2015","export","3","24516"
"2015","express.js","34","24516"
"2015","expressions","2","24516"
"2015","ext4","2","24516"
"2015","extjs","22","24516"
"2015","f#","2","24516"
"2015","fabricjs","7","24516"
"2015","facebook","18","24516"
"2015","facebook-api","15","24516"
"2015","facebooksdk","6","24516"
"2015","fancybox","14","24516"
"2015","faq","14","24516"
"2015","fasm","3","24516"
"2015","fastcgi","1","24516"
"2015","fastreport","3","24516"
"2015","fat32","3","24516"
"2015","fedora","7","24516"
"2015","ffmpeg","29","24516"
"2015","fft","3","24516"
"2015","filestream","7","24516"
"2015","fileupload","11","24516"
"2015","filter","12","24516"
"2015","firebase","4","24516"
"2015","firebird","27","24516"
"2015","firebug","1","24516"
"2015","firefox","37","24516"
"2015","firefox-extension","4","24516"
"2015","firemonkey","4","24516"
"2015","firewall","3","24516"
"2015","flash","21","24516"
"2015","flash-player","2","24516"
"2015","flask","35","24516"
"2015","flask-sqlalchemy","5","24516"
"2015","flexbox","2","24516"
"2015","float","12","24516"
"2015","focus","1","24516"
"2015","foreach","23","24516"
"2015","form","57","24516"
"2015","format","5","24516"
"2015","formdata","2","24516"
"2015","formit","3","24516"
"2015","forms","7","24516"
"2015","fortran","1","24516"
"2015","fosuserbundle","2","24516"
"2015","foundation","1","24516"
"2015","fragment-manager","3","24516"
"2015","fragment-transaction","2","24516"
"2015","framework","39","24516"
"2015","freebsd","23","24516"
"2015","freemarker","1","24516"
"2015","freepascal","7","24516"
"2015","frontend","25","24516"
"2015","fstream","4","24516"
"2015","ftp","22","24516"
"2015","fullpage","2","24516"
"2015","function-overloading","2","24516"
"2015","g++","14","24516"
"2015","gallery","5","24516"
"2015","gameserver","1","24516"
"2015","gcc","39","24516"
"2015","gd","7","24516"
"2015","gdb","7","24516"
"2015","gdi","1","24516"
"2015","gdi+","3","24516"
"2015","gems","7","24516"
"2015","generate","1","24516"
"2015","generics","16","24516"
"2015","gentoo","5","24516"
"2015","genymotion","15","24516"
"2015","geocoding","4","24516"
"2015","gestures","3","24516"
"2015","get","40","24516"
"2015","getter","1","24516"
"2015","gettext","1","24516"
"2015","ggplot2","1","24516"
"2015","gif","7","24516"
"2015","git","261","24516"
"2015","git-add","9","24516"
"2015","git-bash","3","24516"
"2015","git-branch","14","24516"
"2015","git-checkout","4","24516"
"2015","git-clone","6","24516"
"2015","git-commit","21","24516"
"2015","git-diff","2","24516"
"2015","git-flow","2","24516"
"2015","githooks","2","24516"
"2015","github","66","24516"
"2015","gitignore","10","24516"
"2015","gitlab","12","24516"
"2015","git-log","1","24516"
"2015","git-merge","16","24516"
"2015","git-pull","3","24516"
"2015","git-push","13","24516"
"2015","git-rebase","4","24516"
"2015","git-remote","8","24516"
"2015","git-reset","6","24516"
"2015","git-revert","3","24516"
"2015","git-submodule","4","24516"
"2015","git-svn","2","24516"
"2015","glassfish","19","24516"
"2015","global-variables","4","24516"
"2015","glsl","4","24516"
"2015","glut","5","24516"
"2015","gmail","6","24516"
"2015","gnome","3","24516"
"2015","gnu","3","24516"
"2015","gnu-screen","1","24516"
"2015","golang","87","24516"
"2015","google","26","24516"
"2015","google-adwords","1","24516"
"2015","google-analytics","12","24516"
"2015","google-api","19","24516"
"2015","google-app-engine","8","24516"
"2015","google-apps-script","12","24516"
"2015","google-calendar","1","24516"
"2015","google-chrome","74","24516"
"2015","google-docs","5","24516"
"2015","google-drive","1","24516"
"2015","google-fonts","1","24516"
"2015","google-forms","2","24516"
"2015","google-gson","10","24516"
"2015","google-maps","47","24516"
"2015","google-maps-api","83","24516"
"2015","google-maps-api-2","6","24516"
"2015","google-play","43","24516"
"2015","google-play-services","2","24516"
"2015","google-plus","1","24516"
"2015","google-spreadsheet","13","24516"
"2015","google-translate","5","24516"
"2015","gpg","1","24516"
"2015","gps","25","24516"
"2015","gpu","5","24516"
"2015","grab","5","24516"
"2015","gradle","39","24516"
"2015","grails","4","24516"
"2015","graph","3","24516"
"2015","graphics","21","24516"
"2015","greasemonkey","3","24516"
"2015","grep","7","24516"
"2015","grid","1","24516"
"2015","gridpane","1","24516"
"2015","gridview","17","24516"
"2015","groovy","2","24516"
"2015","group-by","11","24516"
"2015","grub","15","24516"
"2015","grunt","5","24516"
"2015","gtk","7","24516"
"2015","gui","52","24516"
"2015","gulp","41","24516"
"2015","gunicorn","6","24516"
"2015","gwt","5","24516"
"2015","gzip","5","24516"
"2015","h2","2","24516"
"2015","hadoop","5","24516"
"2015","haml","2","24516"
"2015","handlebars","7","24516"
"2015","hardware","10","24516"
"2015","hashcode","3","24516"
"2015","haskell","9","24516"
"2015","hdd","6","24516"
"2015","header","18","24516"
"2015","height","2","24516"
"2015","heroku","3","24516"
"2015","hex","9","24516"
"2015","hg","4","24516"
"2015","hibernate","60","24516"
"2015","hide","3","24516"
"2015","highcharts","10","24516"
"2015","highload","8","24516"
"2015","history","1","24516"
"2015","history-api","5","24516"
"2015","homebrew","2","24516"
"2015","homestead","3","24516"
"2015","hook","4","24516"
"2015","horizontalscrollview","2","24516"
"2015","hosting","3","24516"
"2015","hosts","1","24516"
"2015","hotkeys","3","24516"
"2015","hover","15","24516"
"2015","hp","3","24516"
"2015","hql","1","24516"
"2015","href","2","24516"
"2015","html","1722","24516"
"2015","html5","226","24516"
"2015","html5-history-api","14","24516"
"2015","htmlagilitypack","2","24516"
"2015","html-form","6","24516"
"2015","html-select","4","24516"
"2015","http","97","24516"
"2015","httpclient","8","24516"
"2015","httpd","1","24516"
"2015","http-redirect","2","24516"
"2015","https","41","24516"
"2015","http-status-code-404","15","24516"
"2015","httpurlconnection","7","24516"
"2015","hyper-v","4","24516"
"2015","i18n","1","24516"
"2015","icmp","2","24516"
"2015","icon","18","24516"
"2015","ide","33","24516"
"2015","idle","1","24516"
"2015","if","16","24516"
"2015","iframe","34","24516"
"2015","iis","40","24516"
"2015","iis-7","1","24516"
"2015","image","76","24516"
"2015","imagemagick","9","24516"
"2015","images","4","24516"
"2015","imageview","5","24516"
"2015","imagick","3","24516"
"2015","imap","10","24516"
"2015","img","8","24516"
"2015","in-app-purchases","16","24516"
"2015","include","10","24516"
"2015","index","5","24516"
"2015","indy","3","24516"
"2015","ini","4","24516"
"2015","inline","2","24516"
"2015","inner","1","24516"
"2015","inner-join","3","24516"
"2015","innodb","9","24516"
"2015","inno-setup","2","24516"
"2015","input","46","24516"
"2015","insert","8","24516"
"2015","instagram","8","24516"
"2015","instagram-api","1","24516"
"2015","integration-services","2","24516"
"2015","intel","3","24516"
"2015","intellij-idea","83","24516"
"2015","intellisense","3","24516"
"2015","interbase","5","24516"
"2015","internet-explorer","33","24516"
"2015","interop","1","24516"
"2015","io","8","24516"
"2015","ionic","6","24516"
"2015","ios","396","24516"
"2015","ios7","25","24516"
"2015","ip","33","24516"
"2015","ipad","9","24516"
"2015","ip-address","3","24516"
"2015","ipc","4","24516"
"2015","iphone","41","24516"
"2015","iptables","15","24516"
"2015","ipv6","1","24516"
"2015","iso","5","24516"
"2015","iso-образ","2","24516"
"2015","isp","1","24516"
"2015","ispmanager","1","24516"
"2015","itextsharp","1","24516"
"2015","j2ee","4","24516"
"2015","jackson","4","24516"
"2015","jade","17","24516"
"2015","jar","19","24516"
"2015","jasmine","6","24516"
"2015","jasperreports","2","24516"
"2015","java","3180","24516"
"2015","java-8","1","24516"
"2015","javacv","4","24516"
"2015","javadoc","1","24516"
"2015","java-ee","55","24516"
"2015","java-faq","5","24516"
"2015","javafx","71","24516"
"2015","javamail","7","24516"
"2015","javascript","3343","24516"
"2015","javascript-faq","9","24516"
"2015","java-stream","6","24516"
"2015","jaxb","1","24516"
"2015","jax-ws","3","24516"
"2015","jboss","1","24516"
"2015","jcarousel","6","24516"
"2015","jdbc","25","24516"
"2015","jdk","5","24516"
"2015","jenkins","11","24516"
"2015","jersey","4","24516"
"2015","jetbrains","9","24516"
"2015","jetty","4","24516"
"2015","jframe","6","24516"
"2015","jinja2","4","24516"
"2015","jira","2","24516"
"2015","jit","1","24516"
"2015","jmeter","4","24516"
"2015","jms","8","24516"
"2015","jni","8","24516"
"2015","join","30","24516"
"2015","joomla","58","24516"
"2015","jpa","30","24516"
"2015","jpanel","3","24516"
"2015","jpeg","5","24516"
"2015","jpg","6","24516"
"2015","jqgrid","4","24516"
"2015","jquery","1766","24516"
"2015","jquery-form","2","24516"
"2015","jquery-mobile","2","24516"
"2015","jquery-ui","47","24516"
"2015","jre","1","24516"
"2015","jscrollpane","4","24516"
"2015","jsf","18","24516"
"2015","jsfiddle","2","24516"
"2015","json","328","24516"
"2015","json.net","5","24516"
"2015","json-encode","2","24516"
"2015","jsonp","3","24516"
"2015","jsoup","57","24516"
"2015","jsp","41","24516"
"2015","jstl","6","24516"
"2015","jtable","5","24516"
"2015","junit","22","24516"
"2015","jupyter-notebook","1","24516"
"2015","jvm","10","24516"
"2015","kde","7","24516"
"2015","kendo","3","24516"
"2015","kerberos","4","24516"
"2015","kernel","32","24516"
"2015","key","7","24516"
"2015","keydown","4","24516"
"2015","keyword","2","24516"
"2015","kivy","4","24516"
"2015","knockoutjs","3","24516"
"2015","koa.js","1","24516"
"2015","kohana","21","24516"
"2015","kohana-3","5","24516"
"2015","kotlin","4","24516"
"2015","kubuntu","3","24516"
"2015","kvm","2","24516"
"2015","l2tp","1","24516"
"2015","label","10","24516"
"2015","lambda","12","24516"
"2015","lamp","5","24516"
"2015","lan","6","24516"
"2015","language-lawyer","14","24516"
"2015","laravel","140","24516"
"2015","latex","12","24516"
"2015","layout","4","24516"
"2015","lazarus","5","24516"
"2015","lazyloading","5","24516"
"2015","ld","3","24516"
"2015","ldap","8","24516"
"2015","leafletjs","7","24516"
"2015","less","15","24516"
"2015","lib","5","24516"
"2015","libgdx","25","24516"
"2015","lightbox","4","24516"
"2015","like","10","24516"
"2015","limit","3","24516"
"2015","link","16","24516"
"2015","linkedin","2","24516"
"2015","linq","64","24516"
"2015","linq2sql","8","24516"
"2015","linq2xml","1","24516"
"2015","linux","527","24516"
"2015","linux-mint","13","24516"
"2015","lisp","7","24516"
"2015","list","41","24516"
"2015","listener","5","24516"
"2015","listview","139","24516"
"2015","livewallpaper","1","24516"
"2015","loader","1","24516"
"2015","loading","1","24516"
"2015","locale","2","24516"
"2015","localhost","7","24516"
"2015","localstorage","11","24516"
"2015","lodash","2","24516"
"2015","log4j","7","24516"
"2015","log4net","2","24516"
"2015","logcat","4","24516"
"2015","long-poll","2","24516"
"2015","lua","13","24516"
"2015","lvm","3","24516"
"2015","lxml","7","24516"
"2015","mac","19","24516"
"2015","mac-address","1","24516"
"2015","macos","66","24516"
"2015","magento","24","24516"
"2015","mail.ru","5","24516"
"2015","make","12","24516"
"2015","makefile","6","24516"
"2015","malloc","4","24516"
"2015","mamp","4","24516"
"2015","manager","1","24516"
"2015","manifest","1","24516"
"2015","manjaro","1","24516"
"2015","map","14","24516"
"2015","map-reduce","1","24516"
"2015","mariadb","8","24516"
"2015","marionette.js","4","24516"
"2015","markdown","3","24516"
"2015","marker","5","24516"
"2015","masm","3","24516"
"2015","masm32","5","24516"
"2015","match","2","24516"
"2015","material-design","19","24516"
"2015","math","10","24516"
"2015","mathematica","1","24516"
"2015","matlab","18","24516"
"2015","matplotlib","6","24516"
"2015","maven","51","24516"
"2015","md5","8","24516"
"2015","mediaplayer","13","24516"
"2015","media-queries","15","24516"
"2015","memcache","4","24516"
"2015","memcached","9","24516"
"2015","memory","15","24516"
"2015","memory-leaks","13","24516"
"2015","memory-management","3","24516"
"2015","menu","18","24516"
"2015","mercurial","10","24516"
"2015","merge","4","24516"
"2015","mesh","3","24516"
"2015","messagebox","1","24516"
"2015","meteor","13","24516"
"2015","mfc","12","24516"
"2015","microsoft-store","4","24516"
"2015","migration","7","24516"
"2015","mikrotik","2","24516"
"2015","mime","3","24516"
"2015","mingw","12","24516"
"2015","minishop2","5","24516"
"2015","mips","2","24516"
"2015","mobile","11","24516"
"2015","mobile-development","6","24516"
"2015","mobile-web","3","24516"
"2015","mocha","1","24516"
"2015","mocking","3","24516"
"2015","mockito","5","24516"
"2015","mod_rewrite","11","24516"
"2015","modbus","1","24516"
"2015","model","8","24516"
"2015","mod-rewrite","40","24516"
"2015","modules","3","24516"
"2015","mod-wsgi","2","24516"
"2015","modx","40","24516"
"2015","mongodb","68","24516"
"2015","mongodb-query","2","24516"
"2015","mongoose","16","24516"
"2015","mono","17","24516"
"2015","monodevelop","7","24516"
"2015","monogame","4","24516"
"2015","mootools","2","24516"
"2015","mount","2","24516"
"2015","mouse-event","2","24516"
"2015","mozilla","6","24516"
"2015","mp3","13","24516"
"2015","mpdf","3","24516"
"2015","mpi","5","24516"
"2015","ms-access","8","24516"
"2015","msbuild","5","24516"
"2015","ms-word","17","24516"
"2015","multiprocessing","2","24516"
"2015","multi-touch","1","24516"
"2015","mvc","71","24516"
"2015","mvp","7","24516"
"2015","mvvm","56","24516"
"2015","mvvm-light","8","24516"
"2015","myisam","2","24516"
"2015","mysql","1202","24516"
"2015","mysqli","63","24516"
"2015","namespace","9","24516"
"2015","nat","6","24516"
"2015","native","5","24516"
"2015","naudio","3","24516"
"2015","navigationbar","7","24516"
"2015","navigationcontroller","4","24516"
"2015","ncurses","5","24516"
"2015","nested-scrollview","1","24516"
"2015","netbeans","38","24516"
"2015","netty","2","24516"
"2015","nfc","5","24516"
"2015","nginx","129","24516"
"2015","ng-repeat","7","24516"
"2015","nlog","5","24516"
"2015","nlp","1","24516"
"2015","node.js","253","24516"
"2015","node-redis","2","24516"
"2015","nosql","6","24516"
"2015","notebook","3","24516"
"2015","notepad++","12","24516"
"2015","notifications","10","24516"
"2015","npm","16","24516"
"2015","nsuserdefaults","1","24516"
"2015","ntfs","3","24516"
"2015","ntlm","2","24516"
"2015","nuget","5","24516"
"2015","null","6","24516"
"2015","nunit","3","24516"
"2015","nvidia","4","24516"
"2015","oauth","26","24516"
"2015","oauth2","7","24516"
"2015","obj","1","24516"
"2015","objective-c","276","24516"
"2015","observer","2","24516"
"2015","ocr","3","24516"
"2015","october","1","24516"
"2015","odbc","9","24516"
"2015","odnoklassniki-api","3","24516"
"2015","odoo","5","24516"
"2015","office","18","24516"
"2015","office-interop","1","24516"
"2015","olap","4","24516"
"2015","ole","4","24516"
"2015","oledb","6","24516"
"2015","online","2","24516"
"2015","online-video","2","24516"
"2015","ontouchlistener","6","24516"
"2015","opacity","1","24516"
"2015","opencart","25","24516"
"2015","opencl","3","24516"
"2015","opencv","49","24516"
"2015","opengl","75","24516"
"2015","opengles","7","24516"
"2015","openid","1","24516"
"2015","openlayers","2","24516"
"2015","openmp","2","24516"
"2015","open-office","3","24516"
"2015","openserver","18","24516"
"2015","openshift","4","24516"
"2015","opensource","2","24516"
"2015","openssl","22","24516"
"2015","openstreetmap","11","24516"
"2015","openvpn","11","24516"
"2015","openvz","1","24516"
"2015","openwrt","8","24516"
"2015","openxml","3","24516"
"2015","opera","5","24516"
"2015","oracle","101","24516"
"2015","order","1","24516"
"2015","orm","35","24516"
"2015","os","4","24516"
"2015","outlook","11","24516"
"2015","oxyplot","2","24516"
"2015","p2p","2","24516"
"2015","package","5","24516"
"2015","padding","1","24516"
"2015","page","1","24516"
"2015","pagespeed-insights","1","24516"
"2015","pagination","15","24516"
"2015","parallax","2","24516"
"2015","parse.com","11","24516"
"2015","partition","1","24516"
"2015","pascal","37","24516"
"2015","pascalabc.net","3","24516"
"2015","password-hash","6","24516"
"2015","pattern-matching","2","24516"
"2015","payment","3","24516"
"2015","paypal","9","24516"
"2015","pc","1","24516"
"2015","pcre","3","24516"
"2015","pdf","24","24516"
"2015","pdo","40","24516"
"2015","pe","2","24516"
"2015","pendingintent","1","24516"
"2015","perl","24","24516"
"2015","permissions","4","24516"
"2015","persistance","3","24516"
"2015","persistence","2","24516"
"2015","phalcon","22","24516"
"2015","phantomjs","8","24516"
"2015","phaser-framework","1","24516"
"2015","phonegap","14","24516"
"2015","photo","5","24516"
"2015","photoshop","3","24516"
"2015","php","3572","24516"
"2015","php.ini","3","24516"
"2015","php5","1","24516"
"2015","phpdoc","1","24516"
"2015","phpexcel","26","24516"
"2015","php-fpm","8","24516"
"2015","php-frameworks","6","24516"
"2015","phpmailer","2","24516"
"2015","phpmyadmin","59","24516"
"2015","phpstorm","52","24516"
"2015","phpunit","9","24516"
"2015","phpword","2","24516"
"2015","picasso","5","24516"
"2015","picturebox","5","24516"
"2015","pil","2","24516"
"2015","ping","7","24516"
"2015","pinvoke","1","24516"
"2015","pipes","3","24516"
"2015","pixijs","2","24516"
"2015","pjax","3","24516"
"2015","playframework","6","24516"
"2015","plpgsql","2","24516"
"2015","plsql","25","24516"
"2015","plsql-developer","1","24516"
"2015","plugin","26","24516"
"2015","png","7","24516"
"2015","polymer","2","24516"
"2015","popup","2","24516"
"2015","popupmenu","4","24516"
"2015","port","5","24516"
"2015","position","9","24516"
"2015","posix","3","24516"
"2015","post","84","24516"
"2015","postfix","11","24516"
"2015","postgresql","163","24516"
"2015","powershell","25","24516"
"2015","preg_match","3","24516"
"2015","preg_replace","3","24516"
"2015","prestashop","2","24516"
"2015","preview","1","24516"
"2015","primefaces","6","24516"
"2015","print","10","24516"
"2015","printf","4","24516"
"2015","prism","5","24516"
"2015","progress-bar","9","24516"
"2015","proguard","4","24516"
"2015","project","3","24516"
"2015","prolog","5","24516"
"2015","promise","7","24516"
"2015","prompt","1","24516"
"2015","properties","1","24516"
"2015","property","6","24516"
"2015","propertygrid","1","24516"
"2015","protobuf","6","24516"
"2015","protocol","1","24516"
"2015","prototype","8","24516"
"2015","proxmox","5","24516"
"2015","proxy","37","24516"
"2015","psd","1","24516"
"2015","pthread","3","24516"
"2015","push-уведомления","1","24516"
"2015","put","1","24516"
"2015","putty","9","24516"
"2015","pycharm","23","24516"
"2015","pygame","5","24516"
"2015","pygtk","2","24516"
"2015","pymongo","1","24516"
"2015","pyqt4","8","24516"
"2015","pyqt5","1","24516"
"2015","pytest","1","24516"
"2015","python","809","24516"
"2015","python-2.7","5","24516"
"2015","python-2.x","42","24516"
"2015","python-3.2","2","24516"
"2015","python-3.5","1","24516"
"2015","python-3.x","142","24516"
"2015","python-internals","1","24516"
"2015","qiwi","1","24516"
"2015","qmake","4","24516"
"2015","qml","19","24516"
"2015","qr","3","24516"
"2015","qsort","1","24516"
"2015","qt","257","24516"
"2015","qt4","26","24516"
"2015","qt5","57","24516"
"2015","qtcreator","26","24516"
"2015","qtquick","10","24516"
"2015","r","24","24516"
"2015","rabbitmq","2","24516"
"2015","radstudio","6","24516"
"2015","raid","5","24516"
"2015","ram","2","24516"
"2015","rangeslider","1","24516"
"2015","raphael","6","24516"
"2015","rar","2","24516"
"2015","raspberry-pi","1","24516"
"2015","raspbian","1","24516"
"2015","ratchet","2","24516"
"2015","razor","19","24516"
"2015","rdp","6","24516"
"2015","reactjs","26","24516"
"2015","recaptcha","5","24516"
"2015","recyclerview","35","24516"
"2015","redhat","2","24516"
"2015","redirect","27","24516"
"2015","redis","14","24516"
"2015","redmine","6","24516"
"2015","refactoring","4","24516"
"2015","reflection","13","24516"
"2015","relation","8","24516"
"2015","render","2","24516"
"2015","replace","13","24516"
"2015","reportviewer","1","24516"
"2015","repository","2","24516"
"2015","request","17","24516"
"2015","requests","4","24516"
"2015","require","1","24516"
"2015","requirejs","5","24516"
"2015","resharper","4","24516"
"2015","resize","12","24516"
"2015","resources","13","24516"
"2015","responsive","11","24516"
"2015","rest","48","24516"
"2015","restapi","4","24516"
"2015","retrofit","19","24516"
"2015","reverse-engineering","1","24516"
"2015","revo","6","24516"
"2015","rewrite","10","24516"
"2015","rhel","2","24516"
"2015","rmi","1","24516"
"2015","robots.txt","4","24516"
"2015","role","1","24516"
"2015","root","7","24516"
"2015","roundcube","3","24516"
"2015","route","8","24516"
"2015","router","9","24516"
"2015","rpc","1","24516"
"2015","rpm","3","24516"
"2015","rs232","3","24516"
"2015","rsa","10","24516"
"2015","rspec","7","24516"
"2015","rss","4","24516"
"2015","rsync","3","24516"
"2015","rtf","5","24516"
"2015","rtmp","3","24516"
"2015","rtp","1","24516"
"2015","ruby","93","24516"
"2015","ruby-on-rails","170","24516"
"2015","runtime","2","24516"
"2015","rust","23","24516"
"2015","rxandroid","1","24516"
"2015","rxjava","6","24516"
"2015","safari","11","24516"
"2015","samba","7","24516"
"2015","sass","25","24516"
"2015","sax","6","24516"
"2015","scala","10","24516"
"2015","scanner","6","24516"
"2015","scheme","1","24516"
"2015","scipy","2","24516"
"2015","scope","6","24516"
"2015","scp","1","24516"
"2015","scrapy","1","24516"
"2015","screen","4","24516"
"2015","screenshots","3","24516"
"2015","scroll","24","24516"
"2015","scrollview","2","24516"
"2015","scss","13","24516"
"2015","sd","2","24516"
"2015","sdk","11","24516"
"2015","sdl","12","24516"
"2015","sdl2","6","24516"
"2015","search","18","24516"
"2015","sed","9","24516"
"2015","segmentation-fault","1","24516"
"2015","select","49","24516"
"2015","select2","7","24516"
"2015","selenium","31","24516"
"2015","selenium-webdriver","13","24516"
"2015","sendmail","9","24516"
"2015","sendmessage","3","24516"
"2015","seo","27","24516"
"2015","serial","7","24516"
"2015","serializable","3","24516"
"2015","serialize","14","24516"
"2015","service","30","24516"
"2015","servlet","42","24516"
"2015","setinterval","6","24516"
"2015","setter","1","24516"
"2015","settimeout","5","24516"
"2015","settings","6","24516"
"2015","sfml","4","24516"
"2015","sftp","5","24516"
"2015","sh","7","24516"
"2015","sha","2","24516"
"2015","sha1","8","24516"
"2015","sha256","1","24516"
"2015","shader","7","24516"
"2015","shape","3","24516"
"2015","share","6","24516"
"2015","sharepoint","11","24516"
"2015","shell","62","24516"
"2015","signal","1","24516"
"2015","signature","2","24516"
"2015","silex","4","24516"
"2015","silverlight","6","24516"
"2015","simple-html-dom","6","24516"
"2015","simplexml","5","24516"
"2015","sinatra","4","24516"
"2015","sip","6","24516"
"2015","site","2","24516"
"2015","sitemap","2","24516"
"2015","skype","8","24516"
"2015","sleep","4","24516"
"2015","slf4j","1","24516"
"2015","slider","35","24516"
"2015","sliding","1","24516"
"2015","slim","3","24516"
"2015","slug","1","24516"
"2015","smarty","7","24516"
"2015","sms","12","24516"
"2015","smtp","35","24516"
"2015","snapsvg","2","24516"
"2015","snmp","3","24516"
"2015","soap","24","24516"
"2015","socket.io","23","24516"
"2015","solid","2","24516"
"2015","solr","2","24516"
"2015","sonata","2","24516"
"2015","sortable","3","24516"
"2015","source-tree","4","24516"
"2015","spa","3","24516"
"2015","spam","3","24516"
"2015","span","1","24516"
"2015","sphinx","12","24516"
"2015","sphinxsearch","1","24516"
"2015","split","5","24516"
"2015","spring","120","24516"
"2015","spring-aop","2","24516"
"2015","spring-boot","8","24516"
"2015","spring-data","10","24516"
"2015","spring-jpa","1","24516"
"2015","spring-mvc","53","24516"
"2015","spring-security","12","24516"
"2015","sprite","4","24516"
"2015","spritekit","13","24516"
"2015","sql","777","24516"
"2015","sqlalchemy","11","24516"
"2015","sql-injection","6","24516"
"2015","sqlite","120","24516"
"2015","sqlite3","17","24516"
"2015","sqlitedatabase","2","24516"
"2015","sql-server","268","24516"
"2015","sql-server-localdb","2","24516"
"2015","squid","3","24516"
"2015","ssd","2","24516"
"2015","ssh","52","24516"
"2015","ssh-key","2","24516"
"2015","ssi","1","24516"
"2015","ssl","43","24516"
"2015","ssrs","2","24516"
"2015","std-list","3","24516"
"2015","steam","1","24516"
"2015","steam-web-api","7","24516"
"2015","stl","18","24516"
"2015","stm32","1","24516"
"2015","storage","3","24516"
"2015","storyboard","7","24516"
"2015","streaming","5","24516"
"2015","struct","4","24516"
"2015","struts","3","24516"
"2015","style","21","24516"
"2015","style-guide","1","24516"
"2015","stylus","3","24516"
"2015","su","2","24516"
"2015","sublime-text","31","24516"
"2015","sublime-text-3","8","24516"
"2015","submit","4","24516"
"2015","sudo","10","24516"
"2015","supervisord","1","24516"
"2015","svg","35","24516"
"2015","svg-спрайт","1","24516"
"2015","svn","23","24516"
"2015","swap","1","24516"
"2015","swf","3","24516"
"2015","swift","122","24516"
"2015","swing","84","24516"
"2015","swipe","4","24516"
"2015","swi-prolog","1","24516"
"2015","switch","6","24516"
"2015","swt","1","24516"
"2015","sybase","1","24516"
"2015","symfony","17","24516"
"2015","symfony2","53","24516"
"2015","symfony3","1","24516"
"2015","synchronized","5","24516"
"2015","system","6","24516"
"2015","tab","11","24516"
"2015","tableview","6","24516"
"2015","tabs","8","24516"
"2015","tar","4","24516"
"2015","task","2","24516"
"2015","tcl","4","24516"
"2015","tcp","14","24516"
"2015","tcpdf","4","24516"
"2015","tcp-ip","11","24516"
"2015","teamcity","4","24516"
"2015","telegram-api","2","24516"
"2015","telegram-bot","1","24516"
"2015","telnet","2","24516"
"2015","terminal","25","24516"
"2015","test-automation","8","24516"
"2015","test-driven-development","7","24516"
"2015","tex","2","24516"
"2015","text","11","24516"
"2015","textarea","9","24516"
"2015","textbox","5","24516"
"2015","textview","23","24516"
"2015","tfs","1","24516"
"2015","themes","4","24516"
"2015","three.js","17","24516"
"2015","thumbnails","2","24516"
"2015","thymeleaf","1","24516"
"2015","tile","3","24516"
"2015","timeout","3","24516"
"2015","timestamp","3","24516"
"2015","timezone","5","24516"
"2015","tinymce","9","24516"
"2015","tkinter","21","24516"
"2015","tls","3","24516"
"2015","token","9","24516"
"2015","tomcat","37","24516"
"2015","toolbar","10","24516"
"2015","tornado","7","24516"
"2015","tortoise-git","3","24516"
"2015","tortoise-svn","5","24516"
"2015","touch","4","24516"
"2015","touch-event","4","24516"
"2015","tpl","13","24516"
"2015","tp-link","1","24516"
"2015","transform","7","24516"
"2015","transition","7","24516"
"2015","translation","2","24516"
"2015","treeview","21","24516"
"2015","try-catch","3","24516"
"2015","ttf","1","24516"
"2015","tts","2","24516"
"2015","tunnel","4","24516"
"2015","twig","15","24516"
"2015","twisted","1","24516"
"2015","twitter","4","24516"
"2015","twitter-api","5","24516"
"2015","typescript","11","24516"
"2015","uac","1","24516"
"2015","uart","5","24516"
"2015","ubuntu","266","24516"
"2015","ubuntu-unity","2","24516"
"2015","ucoz","1","24516"
"2015","udp","15","24516"
"2015","uefi","1","24516"
"2015","ui","22","24516"
"2015","uiautomation","1","24516"
"2015","uibutton","3","24516"
"2015","uicollectionview","5","24516"
"2015","uikit","4","24516"
"2015","ui-router","5","24516"
"2015","uitableview","25","24516"
"2015","uitextfield","1","24516"
"2015","uitextview","2","24516"
"2015","ulogin","3","24516"
"2015","umi","9","24516"
"2015","uml","5","24516"
"2015","underscore.js","3","24516"
"2015","unicode","32","24516"
"2015","unity3d","73","24516"
"2015","unix","41","24516"
"2015","unixtimestamp","4","24516"
"2015","unreal-engine-4","1","24516"
"2015","unserialize","1","24516"
"2015","update","22","24516"
"2015","upload","5","24516"
"2015","uri","4","24516"
"2015","url","59","24516"
"2015","urllib","4","24516"
"2015","usb","22","24516"
"2015","usercontrol","9","24516"
"2015","userjs","3","24516"
"2015","users","5","24516"
"2015","utf-8","41","24516"
"2015","uwp","11","24516"
"2015","uwsgi","4","24516"
"2015","vaadin","1","24516"
"2015","vagrant","12","24516"
"2015","valgrind","3","24516"
"2015","vb.net","17","24516"
"2015","vb6","3","24516"
"2015","vba","31","24516"
"2015","vbscript","10","24516"
"2015","vcl","2","24516"
"2015","vds","6","24516"
"2015","vector","25","24516"
"2015","vesta","2","24516"
"2015","vi","3","24516"
"2015","video","40","24516"
"2015","videoview","5","24516"
"2015","view","28","24516"
"2015","viewpager","28","24516"
"2015","views","1","24516"
"2015","vim","20","24516"
"2015","virtualbox","22","24516"
"2015","virtualenv","3","24516"
"2015","virtual-hosts","4","24516"
"2015","virtuemart","8","24516"
"2015","visual-basic","22","24516"
"2015","visual-c++","77","24516"
"2015","visual-composer","2","24516"
"2015","visual-studio","209","24516"
"2015","visual-studio-2010","15","24516"
"2015","visual-studio-2012","10","24516"
"2015","visual-studio-2013","31","24516"
"2015","visual-studio-2015","19","24516"
"2015","visual-studio-extensions","4","24516"
"2015","vkontakte-api","119","24516"
"2015","vlan","2","24516"
"2015","vlc","4","24516"
"2015","vmware","8","24516"
"2015","voice","1","24516"
"2015","voip","3","24516"
"2015","volatile","1","24516"
"2015","vpn","10","24516"
"2015","vps","18","24516"
"2015","vsto","2","24516"
"2015","wamp","2","24516"
"2015","warning","3","24516"
"2015","watermark","1","24516"
"2015","wcf","46","24516"
"2015","weather","2","24516"
"2015","web.xml","3","24516"
"2015","web-apps","4","24516"
"2015","web-audio","3","24516"
"2015","webbrowser","23","24516"
"2015","web-camera","3","24516"
"2015","webdav","2","24516"
"2015","webforms","4","24516"
"2015","webgl","11","24516"
"2015","webkit","8","24516"
"2015","weblogic","6","24516"
"2015","webmoney","2","24516"
"2015","webpack","1","24516"
"2015","websocket","41","24516"
"2015","websqldatabase","1","24516"
"2015","webstorm","14","24516"
"2015","webview","40","24516"
"2015","while","15","24516"
"2015","widgets","9","24516"
"2015","wifi","26","24516"
"2015","wildfly","6","24516"
"2015","winapi","109","24516"
"2015","windows","249","24516"
"2015","windows-10","16","24516"
"2015","windows-10-mobile","3","24516"
"2015","windows-7","34","24516"
"2015","windows-8","18","24516"
"2015","windows-ce","1","24516"
"2015","windowsinstaller","5","24516"
"2015","windowsphone","9","24516"
"2015","windows-phone-7","4","24516"
"2015","windows-phone-8","42","24516"
"2015","windows-phone-8.1","7","24516"
"2015","windows-server","15","24516"
"2015","windows-server-2008-r2","4","24516"
"2015","windows-service","6","24516"
"2015","windows-xp","3","24516"
"2015","wine","2","24516"
"2015","winforms","237","24516"
"2015","wininet","1","24516"
"2015","winrt","8","24516"
"2015","winsock","14","24516"
"2015","wireshark","1","24516"
"2015","wix","2","24516"
"2015","wmi","4","24516"
"2015","woocommerce","32","24516"
"2015","wordpress","317","24516"
"2015","workflow","2","24516"
"2015","wpf","407","24516"
"2015","wpf-canvas","2","24516"
"2015","wsdl","7","24516"
"2015","wsgi","4","24516"
"2015","wxpython","1","24516"
"2015","wxwidgets","3","24516"
"2015","wysiwyg","8","24516"
"2015","x","4","24516"
"2015","x11","4","24516"
"2015","x509certificate","1","24516"
"2015","x64","2","24516"
"2015","x86","1","24516"
"2015","x86-64","1","24516"
"2015","xamarin","38","24516"
"2015","xamarin-studio","2","24516"
"2015","xaml","123","24516"
"2015","xampp","13","24516"
"2015","xcode","238","24516"
"2015","xcode7","4","24516"
"2015","xdebug","13","24516"
"2015","xen","4","24516"
"2015","xfce","2","24516"
"2015","xhtml","5","24516"
"2015","xls","3","24516"
"2015","xml","246","24516"
"2015","xmlhttprequest","12","24516"
"2015","xmlparser","14","24516"
"2015","xmpp","4","24516"
"2015","xna","3","24516"
"2015","xnet","8","24516"
"2015","xorg","4","24516"
"2015","xpath","25","24516"
"2015","xsd","9","24516"
"2015","xslt","15","24516"
"2015","xss","6","24516"
"2015","xubuntu","2","24516"
"2015","yaml","3","24516"
"2015","yandex-disk","4","24516"
"2015","yandex-geocoding-api","2","24516"
"2015","yandexmapkit","3","24516"
"2015","yandex-maps-api","45","24516"
"2015","yandex-metrika-api","6","24516"
"2015","yandex-translate","1","24516"
"2015","ya-share2","1","24516"
"2015","yii","156","24516"
"2015","yii2","167","24516"
"2015","yml","5","24516"
"2015","youtrack","1","24516"
"2015","youtube","23","24516"
"2015","youtube-api","15","24516"
"2015","zabbix","10","24516"
"2015","zedgraph","1","24516"
"2015","zend-framework","8","24516"
"2015","zend-framework-2","4","24516"
"2015","zimbra","3","24516"
"2015","z-index","4","24516"
"2015","zip","6","24516"
"2015","zoom","1","24516"
"2015","zsh","8","24516"
"2015","автозагрузка","2","24516"
"2015","автозапуск","1","24516"
"2015","автоматизация","4","24516"
"2015","авторизация","35","24516"
"2015","адаптивная-верстка","41","24516"
"2015","администрирование","30","24516"
"2015","админка","3","24516"
"2015","адрес","1","24516"
"2015","алгоритм","336","24516"
"2015","анализ","4","24516"
"2015","аналитика","3","24516"
"2015","анимация","92","24516"
"2015","аннотации","4","24516"
"2015","архивация","4","24516"
"2015","архитектура","42","24516"
"2015","асимптотика","1","24516"
"2015","асинхронность","14","24516"
"2015","ассемблер","70","24516"
"2015","атрибуты","2","24516"
"2015","аудио","42","24516"
"2015","аутентификация","8","24516"
"2015","база-данных","353","24516"
"2015","байткод","1","24516"
"2015","безопасность","55","24516"
"2015","библиотеки","20","24516"
"2015","бинарное-дерево","13","24516"
"2015","битовые-операции","11","24516"
"2015","битрикс","92","24516"
"2015","блок","2","24516"
"2015","блок-схема","2","24516"
"2015","бот","4","24516"
"2015","браузер","18","24516"
"2015","быстродействие","3","24516"
"2015","бэм","2","24516"
"2015","валидация","35","24516"
"2015","ввод","9","24516"
"2015","веб-дизайн","11","24516"
"2015","веб-программирование","195","24516"
"2015","веб-сервер","38","24516"
"2015","веб-служба","18","24516"
"2015","вектор","13","24516"
"2015","вёрстка","147","24516"
"2015","взлом","3","24516"
"2015","видео","16","24516"
"2015","видеодрайвера","1","24516"
"2015","видеокарта","1","24516"
"2015","виджет","9","24516"
"2015","визуализация","4","24516"
"2015","виртуализация","6","24516"
"2015","виртуальная-машина","4","24516"
"2015","вирусы","5","24516"
"2015","вкладки","1","24516"
"2015","вконтакте","54","24516"
"2015","восстановление","3","24516"
"2015","время","38","24516"
"2015","всплывающее-окно","11","24516"
"2015","выборка","11","24516"
"2015","вывод","7","24516"
"2015","выравнивание","2","24516"
"2015","вычислительная-геометрия","5","24516"
"2015","геокодирование","3","24516"
"2015","геолокация","21","24516"
"2015","геометрия","18","24516"
"2015","гост","3","24516"
"2015","градиент","2","24516"
"2015","график","1","24516"
"2015","графика","20","24516"
"2015","графы","25","24516"
"2015","дата","57","24516"
"2015","движок","4","24516"
"2015","декомпиляция","2","24516"
"2015","делегаты","1","24516"
"2015","деление","1","24516"
"2015","дерево","19","24516"
"2015","десериализация","4","24516"
"2015","дизайн","5","24516"
"2015","дизайн-языка","4","24516"
"2015","дизассемблирование","1","24516"
"2015","динамические-массивы","11","24516"
"2015","диск","5","24516"
"2015","документация","11","24516"
"2015","домен","15","24516"
"2015","доступ","8","24516"
"2015","драйвер","11","24516"
"2015","железо","9","24516"
"2015","зависимости","1","24516"
"2015","загрузка","13","24516"
"2015","задание-на-собеседовании","1","24516"
"2015","закон","3","24516"
"2015","замена","4","24516"
"2015","замыкания","5","24516"
"2015","запись","6","24516"
"2015","запрос","30","24516"
"2015","запрос-в-запросе","3","24516"
"2015","защита","13","24516"
"2015","звукозапись","2","24516"
"2015","изображения","32","24516"
"2015","иконки","3","24516"
"2015","индексация","3","24516"
"2015","индексы","5","24516"
"2015","инициализация","7","24516"
"2015","инкремент","3","24516"
"2015","инспекция-кода","20","24516"
"2015","инструменты-разработчика","2","24516"
"2015","интеграция","3","24516"
"2015","интернационализация","5","24516"
"2015","интернет","6","24516"
"2015","интернет-магазин","7","24516"
"2015","интерпретатор","1","24516"
"2015","интерфейс","34","24516"
"2015","информатика","3","24516"
"2015","исключения","47","24516"
"2015","искусственный-интеллект","4","24516"
"2015","итераторы","5","24516"
"2015","календарь","5","24516"
"2015","калькулятор","4","24516"
"2015","камера","4","24516"
"2015","картинки","13","24516"
"2015","карты","26","24516"
"2015","карусель","11","24516"
"2015","кириллица","25","24516"
"2015","клавиатура","19","24516"
"2015","классы","86","24516"
"2015","кластеризация","1","24516"
"2015","клиент","2","24516"
"2015","клиент-сервер","33","24516"
"2015","клонирование","2","24516"
"2015","книги","29","24516"
"2015","кодировка","114","24516"
"2015","кодогенераторы","1","24516"
"2015","коллекции","36","24516"
"2015","комбинаторика","11","24516"
"2015","комментарии","7","24516"
"2015","компилятор","22","24516"
"2015","компиляция","30","24516"
"2015","компонент","6","24516"
"2015","компоновщик","8","24516"
"2015","конвертация","10","24516"
"2015","конвертер","2","24516"
"2015","конечные-автоматы","1","24516"
"2015","консоль","25","24516"
"2015","конструктор","14","24516"
"2015","контроль-версий","9","24516"
"2015","координаты","7","24516"
"2015","корзина","4","24516"
"2015","криптография","33","24516"
"2015","кроссбраузерность","10","24516"
"2015","кроссплатформенность","9","24516"
"2015","курсор","3","24516"
"2015","кэширование","36","24516"
"2015","лицензирование","11","24516"
"2015","логика","15","24516"
"2015","логирование","29","24516"
"2015","локализация","21","24516"
"2015","локаль","3","24516"
"2015","любой-язык","10","24516"
"2015","лямбда-выражение","1","24516"
"2015","макрос","1","24516"
"2015","макросы","5","24516"
"2015","маршрутизатор","1","24516"
"2015","маршрутизация","22","24516"
"2015","массивы","351","24516"
"2015","масштабирование","5","24516"
"2015","математика","63","24516"
"2015","матрицы","16","24516"
"2015","машинное-обучение","8","24516"
"2015","меню","22","24516"
"2015","методы","8","24516"
"2015","метрики","1","24516"
"2015","миграция","2","24516"
"2015","микроконтроллеры","12","24516"
"2015","минификация","1","24516"
"2015","многопоточность","193","24516"
"2015","множества","4","24516"
"2015","множественное-наследование","1","24516"
"2015","мобильная-разработка","13","24516"
"2015","мобильные-приложения","10","24516"
"2015","моделирование","2","24516"
"2015","модемы","5","24516"
"2015","модульность","3","24516"
"2015","монетизация","1","24516"
"2015","монитор","2","24516"
"2015","музыка","2","24516"
"2015","мышь","4","24516"
"2015","навигация","2","24516"
"2015","нагрузочное-тестирование","2","24516"
"2015","наследование","29","24516"
"2015","настройка","3","24516"
"2015","настройки","1","24516"
"2015","нейронные-сети","7","24516"
"2015","неопределенное-поведение","3","24516"
"2015","непрерывная-интеграция","7","24516"
"2015","ноутбук","1","24516"
"2015","облако","2","24516"
"2015","облачное-хранилище","1","24516"
"2015","обновление","2","24516"
"2015","обновления","2","24516"
"2015","обработка","1","24516"
"2015","обработка-сигналов","3","24516"
"2015","образ","2","24516"
"2015","обфускация","5","24516"
"2015","объединение","8","24516"
"2015","объекты","31","24516"
"2015","одноклассники","2","24516"
"2015","односвязный-список","3","24516"
"2015","окна","1","24516"
"2015","окно","5","24516"
"2015","ооп","151","24516"
"2015","операторы","13","24516"
"2015","оптимизация","52","24516"
"2015","оптимизация-сайтов","2","24516"
"2015","ос","6","24516"
"2015","отладка","36","24516"
"2015","отправка","2","24516"
"2015","отступы","3","24516"
"2015","оформление","4","24516"
"2015","очередь","8","24516"
"2015","очередь-задач","3","24516"
"2015","память","33","24516"
"2015","параметры","4","24516"
"2015","пароль","4","24516"
"2015","парсер","122","24516"
"2015","перегрузка-операторов","18","24516"
"2015","передача-данных","6","24516"
"2015","перекодировка","11","24516"
"2015","переменные","17","24516"
"2015","печать","6","24516"
"2015","плагин","13","24516"
"2015","планировщик-задач","1","24516"
"2015","платежи","2","24516"
"2015","плеер","2","24516"
"2015","повторы","2","24516"
"2015","поддомены","11","24516"
"2015","позиционирование","10","24516"
"2015","поиск","26","24516"
"2015","поиск-библиотек","1","24516"
"2015","поисковые-системы","12","24516"
"2015","поиск-программ","2","24516"
"2015","полиморфизм","7","24516"
"2015","полнотекстовый-поиск","6","24516"
"2015","польская-запись","1","24516"
"2015","порты","4","24516"
"2015","постраничный-вывод","2","24516"
"2015","потоки-данных","34","24516"
"2015","почта","18","24516"
"2015","права","6","24516"
"2015","преобразование","13","24516"
"2015","препроцессор","10","24516"
"2015","прерывания","2","24516"
"2015","приложение","6","24516"
"2015","приложения","2","24516"
"2015","принтер","3","24516"
"2015","проверка","3","24516"
"2015","проект","2","24516"
"2015","проектирование","39","24516"
"2015","производительность","25","24516"
"2015","прокрутка","3","24516"
"2015","прокси","5","24516"
"2015","простые-числа","2","24516"
"2015","протоколы","7","24516"
"2015","прототипное-наследование","1","24516"
"2015","профилирование","7","24516"
"2015","процедуры","2","24516"
"2015","процесс","21","24516"
"2015","процессор","5","24516"
"2015","прошивка","1","24516"
"2015","пути","1","24516"
"2015","работа","3","24516"
"2015","развертывание","17","24516"
"2015","раздел","1","24516"
"2015","разметка","12","24516"
"2015","разработка-игр","66","24516"
"2015","распараллеливание","5","24516"
"2015","распознавание","6","24516"
"2015","распознавание-образов","5","24516"
"2015","распознавание-речи","3","24516"
"2015","рассылка","2","24516"
"2015","расширения","1","24516"
"2015","регистрация","9","24516"
"2015","регулярные-выражения","380","24516"
"2015","редактор","5","24516"
"2015","редактор-текста","6","24516"
"2015","редирект","19","24516"
"2015","реестр","11","24516"
"2015","резервное-копирование","13","24516"
"2015","реклама","7","24516"
"2015","рекурсия","33","24516"
"2015","репликация","1","24516"
"2015","репозиторий","8","24516"
"2015","ресурсы","1","24516"
"2015","рефакторинг","6","24516"
"2015","роутер","9","24516"
"2015","роутинг","1","24516"
"2015","сборка","10","24516"
"2015","сборщик-мусора","8","24516"
"2015","связи","3","24516"
"2015","связывание-данных","3","24516"
"2015","связь","1","24516"
"2015","селекторы","6","24516"
"2015","семантика","3","24516"
"2015","семафоры","2","24516"
"2015","сервер","103","24516"
"2015","сервисы","4","24516"
"2015","сервлеты","3","24516"
"2015","сериализация","13","24516"
"2015","сертификат","11","24516"
"2015","сессия","48","24516"
"2015","сеть","81","24516"
"2015","сжатие","2","24516"
"2015","символы","9","24516"
"2015","синтаксис","14","24516"
"2015","синтаксический-анализ","27","24516"
"2015","синхронизация","10","24516"
"2015","система","2","24516"
"2015","системы-счисления","6","24516"
"2015","скриншот","2","24516"
"2015","скрипт","1","24516"
"2015","словари","17","24516"
"2015","сложность","3","24516"
"2015","случайные-числа","23","24516"
"2015","сниппет","1","24516"
"2015","сниффер","1","24516"
"2015","события","24","24516"
"2015","совместимость","2","24516"
"2015","сокет","88","24516"
"2015","сокеты","11","24516"
"2015","соревнование","1","24516"
"2015","сортировка","62","24516"
"2015","соцсети","3","24516"
"2015","спецификация","1","24516"
"2015","списки","21","24516"
"2015","список","27","24516"
"2015","спрайт","1","24516"
"2015","сравнение","15","24516"
"2015","ссылки","26","24516"
"2015","стандарт","8","24516"
"2015","статистика","9","24516"
"2015","статический-анализ","1","24516"
"2015","стеганография","1","24516"
"2015","стек","6","24516"
"2015","стиль","5","24516"
"2015","строки","144","24516"
"2015","структуры","23","24516"
"2015","структуры-данных","23","24516"
"2015","суммирование","1","24516"
"2015","счетчики","11","24516"
"2015","таймер","10","24516"
"2015","теги","3","24516"
"2015","текст","18","24516"
"2015","текстура","7","24516"
"2015","телефония","1","24516"
"2015","теория","3","24516"
"2015","теория-вероятностей","2","24516"
"2015","терминал","1","24516"
"2015","терминология","7","24516"
"2015","тернарный-оператор","4","24516"
"2015","тестирование","18","24516"
"2015","типы","4","24516"
"2015","типы-данных","18","24516"
"2015","трафик","2","24516"
"2015","триггер","10","24516"
"2015","указатели","74","24516"
"2015","условия","9","24516"
"2015","установка","7","24516"
"2015","уязвимости","2","24516"
"2015","файловая-система","14","24516"
"2015","файлы","135","24516"
"2015","физика","4","24516"
"2015","фильтр","2","24516"
"2015","фильтрация","1","24516"
"2015","фильтры","4","24516"
"2015","форма","19","24516"
"2015","формат","4","24516"
"2015","форматирование","6","24516"
"2015","формулы","3","24516"
"2015","формы","1","24516"
"2015","форум","1","24516"
"2015","фреймворк","6","24516"
"2015","фронтенд","1","24516"
"2015","функции","69","24516"
"2015","функциональное-программирование","1","24516"
"2015","фурье","2","24516"
"2015","хеширование","14","24516"
"2015","хостинг","18","24516"
"2015","хранение-данных","8","24516"
"2015","хранилище","2","24516"
"2015","хук","3","24516"
"2015","цвета","6","24516"
"2015","цикл","10","24516"
"2015","циклы","39","24516"
"2015","чат","4","24516"
"2015","числа","7","24516"
"2015","численные-методы","3","24516"
"2015","чпу","18","24516"
"2015","шаблонизаторы","10","24516"
"2015","шаблоны","26","24516"
"2015","шаблоны-проектирования","59","24516"
"2015","шаблоны-с++","22","24516"
"2015","шейдеры","3","24516"
"2015","шифрование","26","24516"
"2015","шлюз","3","24516"
"2015","шорткод","4","24516"
"2015","шрифты","36","24516"
"2015","экран","6","24516"
"2015","экранирование","6","24516"
"2015","элементы-управления","1","24516"
"2015","эмулятор","5","24516"
"2015","эффекты","2","24516"
"2015","юнит-тесты","71","24516"
"2015","ядро","2","24516"
"2015","яндекс","29","24516"
"2015","яндекс-карты","1","24516"
"2015","яндекс-танк","10","24516"